,name,selling_price,year,km_driven
0,Royal Enfield Classic,175000,2019,350
1,Honda Dio,45000,2017,5650
2,Royal Enfield Classic,150000,2018,12000
3,Yamaha Fazer FI,65000,2015,23000
4,Yamaha SZ [2013-2014],20000,2011,21000
5,Honda CB Twister,18000,2010,60000
6,Honda CB Hornet,78500,2018,17000
7,Royal Enfield Bullet,180000,2008,39000
8,Hero Honda CBZ,30000,2010,32000
9,Bajaj Discover 125,50000,2016,42000
10,Yamaha FZ16,35000,2015,32000
11,Honda Navi,28000,2016,10000
12,Bajaj Avenger Street,80000,2018,21178
13,Yamaha YZF R3,365000,2019,1127
14,Jawa 42,185000,2020,1700
15,Suzuki Access 125,25000,2012,55000
16,Hero Honda Glamour,25000,2006,27000
17,Yamaha YZF R15,40000,2010,45000
18,Royal Enfield Classic,150000,2018,23000
19,Yamaha FZ25,120000,2018,39000
20,Hero Passion Pro,15000,2008,60000
21,Honda Navi [2016-2017],26000,2016,17450
22,Honda Activa i,32000,2013,20696
23,Jawa Standard,180000,2019,2000
24,Royal Enfield Thunderbird,110000,2016,20000
25,Honda Dream Yuga,25000,2012,35000
26,TVS Apache RTR,80000,2018,15210
27,Honda Navi [2016-2017],42000,2017,24000
28,Yamaha Fazer [2009-2016],40000,2013,35000
29,Hero Honda Splendor,21000,2009,10000
30,Hero Glamour 125,55000,2017,2500
31,Yamaha FZ S,38000,2013,75000
32,Hero Xtreme Sports,43000,2016,50000
33,Honda X-Blade,65000,2018,27000
34,Honda CB Shine,62000,2019,10000
35,Honda Activa 5G,60000,2018,6502
36,Hero Glamour 125,45000,2018,21000
37,Honda CBR-250R,120000,2016,16000
38,Hero Honda Passion,30000,2011,42000
39,Royal Enfield Thunderbird,90000,2015,13000
40,Bajaj Dominar 400,125000,2017,12800
41,Hero Glamour FI,50000,2018,20000
42,KTM 390 Duke,175000,2017,4600
43,Hero Passion XPro,28000,2012,81000
44,Yamaha FZ S,85000,2018,8000
45,Hero Achiever 150,29900,2016,55000
46,Bajaj Discover 125,25000,2011,57000
47,Yamaha FZ16,30000,2009,26000
48,Yamaha Saluto,60000,2018,13000
49,Yamaha FZ16,35000,2012,29000
50,Bajaj Discover 100,25000,2010,43000
51,Honda CB Trigger,30000,2015,40000
52,Royal Enfield Electra,90000,2010,40000
53,Hero Splendor PRO,35000,2015,24000
54,Honda Activa 5G,70000,2019,3000
55,Hero Honda Passion,25000,2006,75000
56,Bajaj Pulsar 150,25000,2010,42000
57,Royal Enfield Bullet,90000,2014,13000
58,Bajaj Discover 125,25000,2013,55000
59,Bajaj Pulsar 150,42000,2011,23000
60,Hero Splendor PRO,35000,2015,24000
61,Hero Xtreme Sports,50000,2014,80000
62,Honda Activa 3G,30000,2015,39000
63,Yamaha FZ16,48000,2016,20000
64,Honda CB Hornet,65000,2016,30000
65,Royal Enfield Thunderbird,85000,2013,21000
66,Hero Hunk,45000,2014,41000
67,Suzuki Let''s,34000,2014,8000
68,Royal Enfield Electra,90000,2008,50000
69,TVS Scooty Pep,35000,2012,8150
70,Mahindra Mojo XT300,165000,2017,1933
71,TVS Apache RTR,35000,2013,55750
72,Bajaj Pulsar AS200,65000,2015,15856
73,Bajaj Pulsar 150,29500,2013,27000
74,Royal Enfield Thunderbird,165000,2019,3700
75,Suzuki Intruder 150,95000,2018,21938
76,Hero Honda Karizma,50000,2010,48000
77,Honda Dio,7500,2009,16000
78,Bajaj Xcd,25000,2008,54000
79,Hero Splendor Plus,35000,2014,35000
80,Royal Enfield Thunderbird,160000,2018,15000
81,Honda CB Unicorn,50000,2014,32000
82,Honda Activa 5G,62000,2019,3500
83,Honda CB Twister,30000,2013,9000
84,Hero Splendor PRO,28000,2015,38000
85,Hero Honda CD,25000,2009,50000
86,Honda Activa i,30000,2015,20000
87,Royal Enfield Classic,140000,2018,22000
88,TVS Scooty Zest,30000,2017,9432
89,Hero CD Deluxe,25000,2014,70000
90,Suzuki Access 125,22000,2010,43000
91,Honda Activa [2000-2015],22989,2012,500000
92,Honda Activa 125,42000,2016,30514
93,Suzuki GS150R,30000,2010,130000
94,Bajaj Pulsar 220S,55000,2015,45000
95,Honda Activa 4G,45000,2018,25000
96,Yamaha FZ25,150000,2019,2500
97,Bajaj Pulsar 150,42000,2015,22770
98,Hero Splendor Plus,30000,2015,30000
99,Bajaj Discover 100,24999,2012,35000
100,Royal Enfield Thunderbird,160000,2019,6330
101,Royal Enfield Classic,175000,2020,500
102,Bajaj Pulsar 150,40000,2013,43400
103,Bajaj Pulsar NS160,85000,2018,7004
104,Royal Enfield Classic,150000,2017,16500
105,Suzuki Gixxer SF,80000,2018,12500
106,TVS Apache RTR,95000,2018,9600
107,Bajaj V15,42000,2016,35000
108,TVS XL 100,40000,2019,11000
109,Yamaha FZ S,50000,2015,20000
110,Hero HF Deluxe,40000,2018,13000
111,Aprilia SR 125,75000,2019,3500
112,Yamaha FZ25,120000,2017,9000
113,Hero Honda Glamour,30000,2008,7500
114,Bajaj Discover 125,17500,2013,38000
115,Hero Honda Passion,7500,2004,120000
116,Honda Aviator,57000,2018,6465
117,Vespa SXL 149,80000,2018,18803
118,TVS Scooty Pep,18000,2010,20000
119,Hero Xtreme [2013-2014],25000,2013,24000
120,Royal Enfield Thunderbird,83900,2014,22000
121,UM Renegade Commando,160000,2018,7000
122,Royal Enfield Classic,135000,2018,6100
123,Honda CB Hornet,55000,2017,14000
124,Honda Shine,50000,2017,23000
125,Bajaj Discover 100,20000,2012,85000
126,Hero Honda CBZ,25000,2010,40000
127,Royal Enfield Classic,125000,2017,18000
128,Honda Activa 5G,55000,2019,10000
129,Bajaj Avenger Street,50000,2016,40000
130,Royal Enfield Continental,299000,2019,1500
131,Honda Activa 3G,60000,2015,30000
132,Honda Activa 3G,40000,2015,3000
133,Bajaj Pulsar 180,15000,2008,55000
134,Harley-Davidson Street Bob,750000,2013,12000
135,Hero Honda CBZ,20000,2007,90000
136,Royal Enfield Classic,190000,2020,500
137,KTM 390 Duke,130000,2015,50000
138,Honda CB Hornet,54786,2016,25000
139,KTM 200 Duke,72000,2013,36500
140,Hero Karizma 2014,35000,2013,26000
141,Hero Glamour 125,45000,2017,18000
142,Royal Enfield Classic,85000,2013,49000
143,Royal Enfield Classic,100000,2013,18000
144,Bajaj Dominar 400,138000,2017,15000
145,Royal Enfield Thunderbird,150000,2018,8500
146,KTM RC 390,180000,2017,3775
147,Royal Enfield Thunderbird,100000,2015,14500
148,Hero Hunk,20000,2010,35000
149,KTM 390 Duke,170000,2017,14000
150,Suzuki Gixxer [2014-2018],60000,2016,16000
151,Royal Enfield Bullet,123000,2016,7000
152,Suzuki Access 125,60000,2017,4000
153,TVS Apache RTR,100000,2017,45000
154,Hero Xtreme Sports,22000,2014,99000
155,Honda Activa [2000-2015],30000,2014,52000
156,Bajaj Discover 125,28000,2013,45000
157,Bajaj Pulsar 150,50000,2007,52000
158,Yamaha Saluto RX,40000,2017,27000
159,Hero HF Deluxe,43000,2018,60000
160,Suzuki Access 125,40000,2015,2300
161,Royal Enfield Classic,100000,2012,15000
162,Hero HF Deluxe,30000,2016,50000
163,KTM RC 200,130000,2017,27000
164,Honda CB Hornet,48000,2016,25000
165,Bajaj CT 100,32000,2017,40000
166,Hero Honda Pleasure,23000,2010,32000
167,Bajaj Pulsar 135,20000,2010,50000
168,Royal Enfield Classic,125000,2017,36000
169,Honda Navi [2016-2017],23000,2016,17450
170,Bajaj Discover 125,15000,2011,32000
171,Yamaha SZ RR,35000,2015,38000
172,Bajaj Discover 150,25000,2014,71000
173,Bajaj Pulsar 150,80000,2019,8000
174,TVS Flame,15000,2010,12000
175,Vespa VX 125,45000,2013,50000
176,Yamaha SZ X,25000,2012,30000
177,Honda CBF Stunner,35000,2013,15888
178,Bajaj Discover 100,25000,2013,26000
179,Royal Enfield Classic,170000,2018,5600
180,Honda Activa [2000-2015],25000,2014,41000
181,Royal Enfield Electra,60000,2007,19612
182,Bajaj Pulsar 150,41000,2012,17000
183,Honda Shine,35000,2012,33700
184,Honda CB Unicorn,75000,2015,100000
185,Honda Activa 3G,47999,2016,6000
186,Honda Shine,36999,2011,21000
187,Bajaj Pulsar 180,25000,2007,80000
188,Suzuki Gixxer SF,60000,2016,15000
189,Honda CB Unicorn,50000,2007,46000
190,Yamaha YZF R15,65000,2013,11000
191,TVS Sport,12000,2007,72000
192,Bajaj Pulsar AS200,60000,2015,50000
193,Honda Activa [2000-2015],20000,2010,50000
194,Yamaha FZ16,27000,2011,67000
195,Bajaj Boxer,10000,2000,30000
196,Hero Honda Hunk,56000,2015,48000
197,Hero Honda Hunk,58000,2015,48000
198,Bajaj Avenger Cruise,87000,2018,8000
199,Yamaha Ray Z,35000,2015,15500
200,Bajaj Pulsar 180,35000,2012,45000
201,Bajaj Discover 150F,40000,2014,60855
202,Bajaj Pulsar 135,56000,2017,37714
203,Bajaj Pulsar 180,30000,2008,60000
204,Honda Activa 125,40000,2017,26000
205,Hero HF Deluxe,60000,2019,6000
206,Hero Karizma 2014,40000,2013,30000
207,Bajaj Platina 100,40000,2018,17000
208,Royal Enfield Bullet,130000,2015,34601
209,Bajaj Pulsar AS200,45000,2015,48000
210,Yamaha FZ S,42000,2013,60000
211,Bajaj Pulsar 220,25000,2012,44000
212,Bajaj Pulsar 150,15000,2006,55000
213,Bajaj Dominar 400,170000,2018,16000
214,Hero Passion X,38000,2016,20000
215,Yamaha FZ S,60000,2015,17500
216,TVS Apache RTR,65000,2017,46000
217,Bajaj Avenger [2015],35000,2011,30000
218,Bajaj Pulsar 150,70000,2019,6500
219,Hero Honda Glamour,15000,2006,80000
220,Hero Splendor iSmart,50000,2017,10000
221,Royal Enfield Classic,145000,2017,2200
222,Yamaha FZ16,25000,2008,40000
223,Hero Xtreme Sports,58000,2016,21000
224,Royal Enfield Bullet,90000,2007,3500
225,Hero Honda Passion,9000,2002,66191
226,Bajaj Discover 150S,40000,2014,50000
227,TVS Scooty Zest,28000,2015,32800
228,Bajaj Avenger Street,50000,2016,32000
229,Yamaha Cygnus Ray,56000,2019,3900
230,Honda Activa [2000-2015],35000,2014,10000
231,TVS Apache RTR,95000,2018,9600
232,Honda Shine,30000,2010,46782
233,Honda CB Hornet,95000,2019,8000
234,Honda Activa i,40000,2017,11000
235,Hero Karizma 2014,30000,2014,51000
236,Bajaj Discover 100,18000,2013,45000
237,Honda Aviator,14000,2008,66000
238,Hero Splendor Plus,17000,2010,50000
239,Royal Enfield Thunderbird,125000,2017,23500
240,Bajaj CT 110,20000,2015,25000
241,Hero Passion PRO,50000,2017,41000
242,KTM RC 390,210000,2017,12000
243,Bajaj Pulsar 220F,70000,2018,33000
244,Hero Maestro Edge,40000,2017,15000
245,Bajaj Xcd,10000,2008,50000
246,Bajaj Pulsar 150,35000,2010,40000
247,TVS Centra,10000,2005,50000
248,Honda Activa 3G,42000,2015,20000
249,Yamaha FZ16,20000,2009,50000
250,Hero Maestro Edge,25000,2017,55000
251,Bajaj Discover 125,25000,2016,70350
252,Royal Enfield Thunderbird,145000,2019,2700
253,Hero Super Splendor,50000,2016,20000
254,TVS Scooty Pep,30000,2011,20000
255,Yamaha FZ V,60000,2014,41311
256,Hero Honda Splendor,15000,2005,65000
257,Hero CD Deluxe,15000,2014,34000
258,Hero Honda Passion,25000,2011,20000
259,Hero HF Deluxe,54000,2019,11000
260,Bajaj Xcd,25000,2007,75000
261,Royal Enfield Interceptor,260000,2019,1200
262,Honda CBR-250R,100000,2014,19000
263,Bajaj Kristal,15000,2007,30000
264,Hero Honda Splendor,20000,2006,23000
265,Honda Dream Yuga,35000,2014,10000
266,Yamaha FZ S,50000,2016,40000
267,Hero Xpulse 200,90000,2019,8600
268,Bajaj V15,40000,2016,45000
269,Bajaj Avenger Street,80000,2016,7200
270,Bajaj Discover 135,20000,2010,31195
271,Honda CB Unicorn,70000,2017,18000
272,Vespa SXL 149,98000,2019,1000
273,Royal Enfield Machismo,75000,2008,17000
274,Honda CB Shine,50000,2016,46000
275,Honda CB Unicorn,40000,2014,77592
276,Honda CB Unicorn,75000,2013,54000
277,Honda CB Unicorn,50000,2013,17000
278,Bajaj Pulsar 150,60000,2014,60000
279,TVS Apache RTR,50000,2016,40000
280,Honda Dio,35000,2014,25000
281,Royal Enfield Thunderbird,160000,2018,19000
282,Hero Maestro,25000,2015,40000
283,Hero Honda CBZ,42000,2010,51000
284,Bajaj Dominar 400,200000,2019,7600
285,Honda Activa 125,40000,2014,14965
286,Royal Enfield Classic,130000,2015,25000
287,KTM 250 Duke,195000,2019,6000
288,KTM RC 390,270000,2019,2380
289,Kawasaki Ninja 650,425000,2017,13600
290,TVS Apache RTR,85000,2018,10000
291,Kawasaki Ninja 250R,125000,2010,21000
292,TVS Wego,45000,2018,10000
293,Honda CBR-250R,85000,2014,18600
294,Bajaj Pulsar NS200,85000,2018,7750
295,Suzuki GSX S750,760000,2019,2800
296,Royal Enfield Thunderbird,100000,2015,30000
297,Royal Enfield Classic,95000,2015,9800
298,Honda CB Shine,48000,2015,25000
299,Bajaj Avenger Street,40000,2016,29689
300,Honda CBF Stunner,37000,2014,43000
301,Bajaj Avenger [2015],38000,2014,28243
302,Suzuki Gixxer [2014-2018],55000,2015,25000
303,Suzuki Access 125,45000,2017,22300
304,TVS Scooty Streak,18000,2009,33595
305,Royal Enfield Thunderbird,140000,2018,5505
306,Yamaha Rx,70000,2000,5000
307,Hero Honda Splendor,15000,2007,30000
308,Bajaj Pulsar 125,65000,2019,16000
309,Honda Activa 5G,42000,2018,22000
310,Yamaha Fazer Dlx,58000,2012,40000
311,Harley-Davidson Street 750,330000,2014,6500
312,Hero Xtreme 2014,35000,2013,15000
313,Royal Enfield Classic,162000,2018,17365
314,Hero Honda Hunk,28000,2009,40000
315,Royal Enfield Interceptor,285000,2019,5500
316,Royal Enfield Classic,125000,2017,33900
317,Bajaj Pulsar 150,15000,2005,47670
318,Honda Activa [2000-2015],29500,2013,45000
319,TVS Apache RR310,200000,2019,5000
320,Jawa Standard,160000,2019,5700
321,Hero Honda Splendor,30000,2012,22866
322,Yamaha FZ25,110000,2019,10000
323,Bajaj Pulsar 220F,70000,2016,31000
324,Yamaha Fascino 110,69000,2019,1600
325,Yamaha FZ16,30000,2011,44000
326,Yamaha FZ16,30000,2010,70000
327,TVS Star City,42000,2017,21000
328,Royal Enfield Classic,160000,2018,17365
329,Bajaj Pulsar 135,20000,2010,80000
330,Suzuki Access 125,45000,2017,15000
331,Bajaj Pulsar 135,23000,2010,77000
332,UM Renegade Commando,140000,2017,40000
333,Hero Honda Splendor,12000,2005,48000
334,Hero Passion PRO,50000,2017,18000
335,Royal Enfield Classic,140000,2018,20000
336,Honda Activa 5G,55000,2019,9000
337,Yamaha Fascino 110,45000,2016,56000
338,Hero Splendor Plus,25000,2012,50000
339,Royal Enfield Thunderbird,90000,2014,12000
340,Yamaha YZF R15,120000,2018,11500
341,KTM RC 200,120000,2015,20000
342,TVS Radeon,35000,2017,20000
343,Hero HF Deluxe,35000,2017,27000
344,BMW G310GS,300000,2018,2500
345,Royal Enfield Thunderbird,87000,2012,20477
346,Hero Honda Splendor,18000,2010,35700
347,Yamaha FZ S,50000,2014,70000
348,Bajaj Avenger Street,60000,2016,29000
349,Hero Honda Splendor,15000,2004,14500
350,Bajaj Platina 100,30000,2018,37000
351,Royal Enfield Thunderbird,160000,2018,3246
352,Honda CB Unicorn,50000,2016,27000
353,Suzuki Gixxer [2014-2018],62000,2017,15000
354,Bajaj Platina 100,45000,2019,15000
355,Royal Enfield Thunderbird,120000,2017,4050
356,Royal Enfield Thunderbird,125000,2014,25000
357,Bajaj Pulsar AS150,50000,2015,5000
358,Bajaj Pulsar 150,30000,2012,5000
359,Hero Pleasure,40000,2014,14000
360,Honda Aviator,41000,2013,36500
361,Royal Enfield Thunderbird,120000,2017,9000
362,Hero Ignitor,35000,2014,33200
363,Hero Honda CD100SS,10000,1997,646000
364,TVS Apache RTR,35000,2011,25000
365,Hero Achiever 150,38000,2017,26000
366,Vespa LX 125,50000,2015,3909
367,Honda Activa 3G,40000,2015,7672
368,Hero Splendor Plus,70000,2019,3000
369,Royal Enfield Classic,140000,2016,3654
370,Hero Maestro,26500,2016,40000
371,Hero Glamour 125,38000,2016,5500
372,Yamaha FZ16,60000,2016,29950
373,Royal Enfield Himalayan,145000,2017,14000
374,Yamaha FZ S,78000,2017,26100
375,Hero Maestro Edge,58000,2018,6000
376,Yamaha FZ25,130000,2017,4000
377,TVS Victor,20000,2001,50000
378,Bajaj Dominar 400,150000,2018,5475
379,Bajaj Pulsar 180,32000,2012,40000
380,Bajaj Pulsar 180,50000,2017,20500
381,KTM 200 Duke,120000,2017,4100
382,Bajaj Avenger Street,60000,2016,23097
383,Bajaj Discover 100,20000,2011,37734
384,Royal Enfield Bullet,65000,2011,65000
385,Yamaha YZF R15,70000,2016,8000
386,Yamaha FZ V,35000,2014,13500
387,Bajaj Avenger Street,95000,2018,23000
388,Bajaj Pulsar 150,8000,2005,58000
389,Royal Enfield Thunderbird,85000,2010,15000
390,Hero Achiever 150,65000,2016,29000
391,Hero Passion Pro,39000,2013,20000
392,Hero Duet,45000,2017,35000
393,Bajaj Avenger Street,60000,2016,45137
394,Royal Enfield Classic,160000,2018,7500
395,Bajaj Pulsar 150,35000,2011,35600
396,Bajaj Pulsar 135,40000,2018,15000
397,Yamaha Fazer [2009-2016],40000,2012,7353
398,Honda CB Hornet,56000,2017,13200
399,Honda CB Unicorn,22000,2011,38350
400,Yamaha YBR 125,36000,2014,20400
401,Suzuki Intruder 150,100000,2018,14500
402,Bajaj V15,42000,2016,19500
403,Royal Enfield Electra,85000,2008,20000
404,Hero Passion PRO,45000,2014,36000
405,Yamaha FZ25,145000,2019,4500
406,Hero Karizma [2003-2014],50000,2013,38000
407,Royal Enfield Interceptor,270000,2019,9000
408,Royal Enfield Thunderbird,60000,2006,40000
409,Royal Enfield Classic,140000,2017,25000
410,Hero Honda Splendor,28000,2008,70889
411,KTM 390 Duke,180000,2015,13125
412,Bajaj Pulsar 180,42000,2014,19600
413,Suzuki Access 125,16000,2011,40000
414,Hero Splendor iSmart,40000,2015,19055
415,Bajaj Pulsar 180,38000,2012,57000
416,Yamaha YZF R15,85000,2017,13000
417,Honda Aviator,28000,2013,28087
418,KTM 200 Duke,135000,2018,24000
419,Royal Enfield Thunderbird,120000,2016,24600
420,Hero Karizma ZMR,37000,2010,27500
421,Royal Enfield Classic,135000,2015,45000
422,Hero Honda Splendor,10000,2000,61000
423,Mahindra Rodeo,20000,2013,7000
424,TVS Apache RTR,83299,2019,6400
425,Yamaha Fazer FI,65000,2018,3500
426,Honda Activa 5G,50000,2018,14000
427,Bajaj Pulsar 220,65000,2013,6409
428,Hero Honda Karizma,45000,2012,44000
429,Honda CB Hornet,60000,2017,16500
430,Royal Enfield Bullet,110000,2015,36000
431,Hero Honda CD,14700,2005,30000
432,Yamaha Saluto,38000,2015,15000
433,Suzuki Access 125,70000,2018,14500
434,TVS Sport,35000,2018,26600
435,Hero Honda Glamour,19000,2012,32000
436,KTM 125 Duke,130000,2019,3500
437,Bajaj Pulsar NS200,50000,2013,58203
438,Bajaj Pulsar 150,18000,2005,21885
439,Hero Xtreme 200R,87000,2019,3200
440,Hero Honda Splendor,40000,2007,40000
441,Bajaj Discover 150S,35000,2015,28000
442,Honda CBR-250R,100000,2011,3500
443,Hero Pleasure,30000,2013,24000
444,Bajaj Avenger Cruise,95000,2018,1800
445,Bajaj Discover 125,25000,2012,76000
446,Bajaj Pulsar 150,26500,2010,52500
447,Bajaj Boxer,12000,2008,17500
448,Bajaj Pulsar 150,20000,2006,41000
449,Royal Enfield Classic,195000,2018,2845
450,Bajaj Pulsar 180,14900,2007,50000
451,Honda Dream Yuga,48000,2018,7110
452,Yamaha FZ S,40000,2014,27785
453,Honda CB Unicorn,45000,2010,75000
454,Honda Shine,25000,2010,20000
455,Honda Activa 3G,25000,2011,20000
456,Honda Activa [2000-2015],10000,2009,60000
457,Mahindra Flyte,22000,2009,20000
458,Honda Activa 3G,45000,2015,18000
459,KTM 250 Duke,135000,2017,16500
460,Yamaha Ray Z,75000,2017,15000
461,Bajaj Pulsar 135,24000,2010,45000
462,Yamaha FZ16,45000,2016,37000
463,Hero Passion PRO,55000,2017,14600
464,Bajaj Discover 125,10000,2006,51000
465,Royal Enfield Classic,135000,2017,15000
466,Honda CB Unicorn,55000,2017,12000
467,Bajaj Avenger [2015],35000,2012,15000
468,Bajaj Super,20000,1988,21000
469,Bajaj Pulsar 150,26000,2012,65000
470,Honda Activa [2000-2015],23000,2009,95000
471,Royal Enfield Classic,150000,2015,23000
472,Hero Honda CD,24700,2012,40000
473,Hero Duet,35000,2016,49637
474,Hero Honda Passion,12000,2012,90000
475,Royal Enfield Classic,150000,2017,7000
476,Honda Activa 3G,50000,2016,5326
477,Honda Activa [2000-2015],25000,2009,585659
478,Hero Honda CD100,15000,1999,10000
479,Hero Super Splendor,35000,2014,37541
480,Honda CB Trigger,45000,2015,36000
481,Honda Dream Yuga,25000,2013,29000
482,Hero Honda Passion,40000,2018,29000
483,TVS Spectra,17000,2008,50000
484,Hero Ignitor,30000,2016,18000
485,Hero Honda CD100,15000,2000,50000
486,Bajaj Pulsar 220F,60000,2017,40000
487,Hero Splendor Plus,30000,2013,20000
488,Yamaha YZF R15,60000,2012,22000
489,Honda Activa 3G,32000,2015,4500
490,Bajaj Discover 150,30000,2012,50000
491,Bajaj Pulsar 150,55000,2010,42000
492,Bajaj Avenger Street,75000,2016,35000
493,TVS Star City,52000,2017,25000
494,Bajaj Discover 125,38000,2018,34000
495,Bajaj Discover 135,12000,2007,60000
496,Honda CB Shine,47000,2017,73000
497,Honda Activa [2000-2015],22000,2014,38000
498,Bajaj Avenger [2015],65000,2015,26000
499,Bajaj Platina 100,23000,2013,24000
500,Bajaj Discover 100,30000,2011,45000
501,Bajaj Pulsar 150,35000,2011,36000
502,Bajaj Avenger Street,80000,2017,30000
503,Bajaj Platina 100,20000,2012,16295
504,Bajaj Pulsar 150,16000,2011,59000
505,Bajaj Pulsar 150,20000,2006,9500
506,Bajaj Pulsar NS200,50000,2012,46000
507,Honda CB Trigger,40000,2015,75000
508,Bajaj Pulsar 135,20000,2010,80000
509,Bajaj Pulsar 180,65000,2018,26000
510,Yamaha YZF R15,85000,2016,26000
511,Hero Splendor Plus,12000,2007,100000
512,Hero Xpulse 200T,105000,2019,2900
513,Yamaha FZ S,40000,2015,25000
514,Bajaj Discover 150,30000,2011,39500
515,Honda Activa [2000-2015],25000,2012,40000
516,Hero Splendor PRO,40000,2016,16000
517,Honda Dream Neo,45000,2017,21000
518,Bajaj CT 100,40000,2018,14000
519,Suzuki Access 125,70000,2018,7000
520,Honda Activa [2000-2015],30000,2012,22000
521,Hero Honda Pleasure,25000,2009,50000
522,Bajaj Platina 100,20000,2012,16295
523,Honda CB Hornet,70000,2017,35000
524,Bajaj V15,50000,2017,9000
525,Hero Honda CD,25000,2010,35000
526,Bajaj Pulsar 150,22000,2011,60000
527,Honda Activa [2000-2015],35000,2013,29500
528,TVS Apache RTR,40000,2014,50000
529,Bajaj Pulsar 220F,75000,2016,10500
530,Hero Honda Passion,28000,2011,60000
531,Hero Maestro Edge,55000,2018,39000
532,Honda Dio,30000,2014,24000
533,Hero Glamour 125,40000,2016,15000
534,Bajaj Avenger Street,85000,2019,3000
535,Hero Honda CD,12000,2007,100000
536,Yamaha YBR 125,35000,2013,20350
537,Bajaj Pulsar 150,25000,2015,50000
538,Bajaj Pulsar 150,40000,2012,37000
539,Hero Honda CD,15000,2011,70000
540,Hero Passion PRO,55000,2018,15000
541,Bajaj Pulsar 180,60000,2015,28563
542,Yamaha Fazer 25,115000,2018,11000
543,TVS Excel,5000,1998,60000
544,Honda Shine,40000,2015,21121
545,Honda Dream Neo,50000,2014,25000
546,Honda Dio,28000,2014,13000
547,Hero Splendor Plus,35000,2013,55000
548,Bajaj Xcd,25000,2007,100000
549,TVS Streak,20000,2009,36000
550,Bajaj Pulsar 180,40000,2013,34000
551,Hero Xtreme 200R,86000,2018,12000
552,Yamaha YZF R15,65000,2011,29000
553,Bajaj Avenger Street,60000,2017,30000
554,Yamaha RX135,65000,1998,16500
555,Honda CB Shine,41000,2017,33000
556,Honda CBR150 R,110000,2017,11800
557,Honda Dream Yuga,32000,2017,39000
558,Honda Shine,37000,2014,16145
559,Hero Splendor Plus,65000,2019,1000
560,Hero Honda Passion,18000,2007,50000
561,Hero Honda Passion,28700,2012,49876
562,Honda Activa 3G,35000,2016,51000
563,Bajaj Pulsar 180F,100000,2019,1300
564,Hero Honda Glamour,21000,2010,11000
565,Bajaj Pulsar 150,30000,2010,55000
566,TVS Apache RTR,90000,2019,20000
567,Bajaj Super,6000,1991,35000
568,Hero Honda Passion,23500,2010,60000
569,Bajaj Pulsar 150,55000,2015,40000
570,Yamaha SZ X,35000,2010,46000
571,Hero Honda CD100,15000,1998,65000
572,Bajaj Pulsar 180,35000,2009,19000
573,Bajaj Pulsar 220,40000,2011,26000
574,Hero Honda Achiever,15000,2009,86000
575,Hero Honda Karizma,40000,2011,340000
576,Honda CB Unicorn,75000,2016,40000
577,Bajaj Avenger Cruise,70000,2016,10000
578,Bajaj Discover 135,22000,2007,25000
579,Yamaha FZ S,80000,2019,10000
580,Bajaj Pulsar 150,72000,2017,24000
581,Hero HF Deluxe,30000,2014,35000
582,Bajaj Pulsar 135,25000,2011,30000
583,Aprilia SR 125,65000,2018,6500
584,Bajaj Pulsar 150,68000,2019,10000
585,Hero Duet,27000,2016,28000
586,Honda CB Twister,25000,2015,35000
587,Bajaj Discover 125,45000,2016,20000
588,Honda CBR-250R,200000,2019,5500
589,Bajaj Pulsar 180,20100,2008,36000
590,Honda Shine,30000,2014,25000
591,Suzuki Swish [2012-2015],30000,2014,30000
592,TVS Star City,21000,2011,101000
593,Hero Super Splendor,45000,2012,21000
594,Yamaha Fazer [2009-2016],45000,2014,57700
595,TVS Scooty Pep,14500,2012,44000
596,Honda Dream Yuga,47000,2019,8800
597,TVS Star City,26000,2014,68000
598,Yamaha Fazer [2009-2016],25000,2013,120000
599,Hero Honda Street,10000,2000,24000
600,TVS Apache RTR,50000,2017,38000
601,Honda Dio,23000,2010,40000
602,Honda Activa [2000-2015],50000,2014,48000
603,Hero Maestro Edge,46000,2015,14000
604,Honda CB Hornet,80000,2017,18000
605,Hero Karizma [2003-2014],50000,2013,38000
606,Honda CB Trigger,40000,2014,75000
607,Honda CB Hornet,70000,2017,35000
608,Hero Glamour FI,30900,2014,25000
609,Bajaj Avenger [2015],65000,2010,20000
610,Hero Honda Splendor,15000,2006,100000
611,TVS Apache RTR,89999,2019,6400
612,Hero Honda Splendor,17600,2006,52000
613,Bajaj Platina 100,17000,2007,16000
614,Yamaha FZ25,90000,2018,8200
615,Bajaj Pulsar 150,35000,2010,60000
616,Yamaha YZF R15,70000,2017,16000
617,Bajaj Discover 125,15000,2011,47000
618,Hero Passion PRO,35000,2016,18000
619,Honda Activa [2000-2015],15000,2006,50000
620,Bajaj Discover 125,50000,2018,6000
621,Suzuki Gixxer [2014-2018],69000,2017,20000
622,TVS Wego,15000,2011,65000
623,Bajaj Discover 150,25000,2008,25000
624,Suzuki Access 125,30000,2012,23000
625,Hero Karizma 2014,45000,2014,5555
626,Hero CD Deluxe,35000,2016,38000
627,Yamaha Fazer 25,120000,2018,6000
628,Hero Splendor Plus,25000,2015,45000
629,Yamaha YZF R15,80000,2017,27000
630,Hero Honda Splendor,10000,2007,98000
631,TVS Apache RTR,70000,2018,16000
632,Bajaj Pulsar 150,35000,2011,50000
633,Hero Glamour 125,40000,2015,71250
634,Hero Honda Passion,20000,2006,28000
635,Honda CB Twister,30000,2012,50000
636,Bajaj CT 100,8000,2005,82000
637,Bajaj Pulsar 220,65000,2013,6409
638,Hero Honda Super,20000,2008,54000
639,Honda CB Trigger,45000,2013,20000
640,Hero Hunk,35000,2013,50000
641,Bajaj Discover 150,25000,2011,52000
642,TVS Apache RTR,15000,2009,880000
643,Hero Xtreme Sports,65000,2017,23000
644,Bajaj Avenger [2015],45000,2011,35000
645,Honda Activa 125,45000,2017,49000
646,Bajaj Pulsar 220F,50000,2011,55000
647,Bajaj Pulsar NS200,85000,2018,15100
648,Hero Honda Splendor,25000,2008,38000
649,Honda CB Unicorn,60000,2017,12652
650,Suzuki Gixxer SF,100000,2019,7000
651,KTM RC 200,180000,2019,13800
652,Bajaj Discover 100,25000,2010,28000
653,TVS Wego,15000,2011,20000
654,Honda CB Hornet,60000,2017,16008
655,Yamaha YZF R15,75000,2018,36000
656,Hero CBZ,35000,2010,36000
657,TVS Scooty Zest,55000,2018,380
658,Yamaha FZ S,85000,2018,50000
659,Hero Honda Glamour,35000,2012,30000
660,Hero Honda CBZ,35000,2011,35000
661,Yamaha FZ S,60000,2017,14500
662,Suzuki Access 125,40000,2017,15000
663,Bajaj Pulsar 150,30000,2010,54000
664,Bajaj Pulsar NS160,80000,2018,11000
665,Hero Splendor PRO,24000,2011,43000
666,Honda Shine,18000,2010,15000
667,Hero Passion Pro,20000,2008,40000
668,Yamaha FZ16,40000,2016,93000
669,Suzuki Access 125,20000,2012,24000
670,TVS Jupiter,70000,2018,14000
671,Hero Passion Pro,50000,2019,29442
672,Yamaha FZ S,75000,2017,20000
673,Honda Livo,25000,2015,30000
674,Honda CB Hornet,70000,2017,38000
675,Honda Activa 125,55000,2018,18000
676,Honda Activa 5G,51000,2018,14000
677,Yamaha Saluto,74000,2019,13000
678,Yamaha FZ S,65000,2017,42000
679,Bajaj Avenger Street,60000,2016,27000
680,Bajaj Pulsar 220F,110000,2019,4000
681,Yamaha YZF R15,50000,2014,1200
682,TVS Apache RTR,85009,2018,7500
683,Hero Passion Pro,60000,2013,15000
684,Bajaj Pulsar 150,25000,2013,70000
685,TVS Apache RTR,75000,2019,12657
686,Honda CB Unicorn,30000,2010,69000
687,Honda Activa [2000-2015],16600,2010,100000
688,Honda Activa 3G,30000,2015,18000
689,Honda Shine,20000,2007,80000
690,Honda Activa 5G,62000,2019,11200
691,Bajaj Avenger Street,60000,2016,17000
692,Hero Xtreme [2013-2014],45000,2014,56420
693,Yamaha FZ S,40000,2011,82000
694,Suzuki Intruder 150,75000,2018,10000
695,Yamaha Fazer [2009-2016],50000,2012,100000
696,Bajaj Pulsar RS,105000,2017,18345
697,Bajaj Discover 135,30000,2009,20000
698,Hero Honda CBZ,10000,2000,48000
699,Bajaj Pulsar 135,45000,2014,14000
700,Yamaha Fazer 25,145000,2018,4100
701,Honda CB Unicorn,45000,2016,50000
702,Honda Activa 5G,65000,2019,3025
703,Bajaj Pulsar 135,20000,2011,60000
704,Hero Duet,37000,2016,6000
705,Hero Splendor NXG,18000,2011,35000
706,Hero Glamour 125,25000,2013,50000
707,Honda Activa 5G,46000,2018,10000
708,Yamaha Fascino 110,55000,2019,7000
709,Bajaj V15,40000,2016,34000
710,Hero Honda Passion,25000,2012,20000
711,Honda Activa [2000-2015],25000,2012,38000
712,Bajaj Xcd,15000,2008,100000
713,Bajaj Pulsar NS160,70000,2018,20000
714,Honda CB Hornet,70000,2017,240000
715,Yamaha RXG,25000,1997,45354
716,TVS Streak,10000,2009,100000
717,Bajaj Pulsar RS,80000,2015,32000
718,Yamaha Alpha,25000,2015,14000
719,Honda Livo,35000,2016,70000
720,Mahindra Gusto,25000,2016,13500
721,Bajaj Discover 125,26000,2012,75000
722,Hero Glamour 125,15000,2011,75000
723,Honda CB Unicorn,50000,2017,52000
724,Hero Pleasure,26500,2013,18860
725,Royal Enfield Classic,135000,2017,2700
726,Honda CB Hornet,80000,2016,100000
727,Bajaj CT 100,30000,2016,38500
728,Yamaha FZ S,90000,2018,10500
729,Bajaj Pulsar 180,85000,2016,35000
730,Hero Glamour 125,54000,2013,17000
731,Bajaj CT 100,42000,2019,2900
732,Bajaj Discover 100,25000,2014,30000
733,TVS Star City,50000,2016,14000
734,Honda CB Unicorn,55000,2014,10000
735,Hero Passion PRO,35000,2014,9556
736,Honda CB Shine,50000,2018,37000
737,Bajaj V15,45000,2015,2700
738,Bajaj V15,45000,2016,36000
739,Bajaj Discover 100,28000,2015,52000
740,Royal Enfield Electra,80000,2013,46000
741,KTM 200 Duke,130000,2016,12000
742,Bajaj Pulsar 220F,120000,2019,6500
743,Suzuki GS150R,27000,2012,14100
744,Honda Shine,30000,2014,40000
745,Honda CB Unicorn,50000,2010,75000
746,Honda Livo,45000,2018,10000
747,Honda Aviator,28000,2009,29625
748,Honda Activa [2000-2015],6000,2006,35000
749,Hero Hunk,35000,2016,32000
750,Honda Activa 125,30000,2014,20000
751,Bajaj Discover 110,15000,2007,70000
752,Hero Xtreme [2013-2014],45000,2013,57000
753,TVS Victor GLX,18000,2005,11000
754,Bajaj Pulsar NS200,85000,2018,17500
755,Honda Aviator,30000,2014,7000
756,Bajaj Platina 100,40000,2018,17500
757,TVS Sport,34000,2018,25000
758,Hero Honda Passion,8000,2003,53500
759,Bajaj V15,70000,2018,15000
760,Honda Dio,50000,2016,8000
761,Honda Dream Yuga,35000,2015,39448
762,Hero Honda Splendor,20000,2006,75000
763,Bajaj Pulsar 150,50000,2012,28000
764,Bajaj Discover 135,37000,2008,62000
765,Honda Livo,69000,2018,12000
766,Hero Honda Splendor,28000,2012,49999
767,Bajaj Discover 125,25000,2011,70000
768,Yamaha FZ V,60000,2018,25000
769,Yamaha SZ-S,50000,2014,20000
770,Royal Enfield Thunderbird,135000,2016,4500
771,Bajaj Discover 125,30000,2014,45000
772,Yamaha FZ S,60000,2014,68000
773,Honda Activa [2000-2015],23000,2009,95000
774,Bajaj Xcd,20000,2009,16000
775,Bajaj Avenger Street,80000,2019,5000
776,Royal Enfield Electra,99000,2006,36000
777,TVS Apache RTR,90000,2018,70000
778,Hero Honda Splendor,20000,2005,27370
779,Hero Glamour 125,50000,2017,8600
780,TVS Victor GLX,27000,2002,49000
781,Honda Grazia,60000,2018,16000
782,Bajaj Pulsar 150,12000,2007,100000
783,Hero Xtreme 2014,50000,2014,10000
784,Hero Pleasure,20000,2012,30000
785,Hero Passion XPro,45000,2018,7000
786,Hero Super Splendor,40000,2013,68000
787,Yamaha FZ S,45000,2016,20000
788,Honda Activa [2000-2015],25000,2015,25000
789,Hero Glamour FI,75000,2019,8900
790,Hero Honda Passion,25000,2007,70000
791,Hero Splendor Plus,25000,2006,40000
792,Hero Xpulse 200,100000,2019,8500
793,Honda CB Unicorn,30000,2012,32000
794,Bajaj Discover 135,25000,2010,55000
795,Hero Honda Splendor,10000,2006,75000
796,Hero Honda CD,25000,2008,65000
797,Royal Enfield Electra,120000,2016,345000
798,Honda Dream Neo,42000,2014,21000
799,Hero Maestro,30000,2013,60000
800,Honda CBR150 R,77000,2014,38000
801,Honda CB Unicorn,25000,2011,40000
802,TVS Apache [2006],15000,2006,40000
803,Hero Passion XPro,25000,2013,25000
804,Honda Activa 5G,50000,2018,25000
805,Honda Activa i,30000,2014,25000
806,TVS Apache RTR,125000,2019,3000
807,Hero Honda CBZ,35000,2011,28000
808,Suzuki Gixxer [2014-2018],45000,2015,40000
809,Hero Xpulse 200,98000,2019,8500
810,Bajaj Pulsar 150,75000,2017,30000
811,Bajaj Pulsar AS150,55000,2017,20000
812,Bajaj Platina 100,25000,2013,30000
813,Honda CB Twister,70000,2014,12566
814,Suzuki SlingShot,24000,2011,17000
815,TVS Apache RTR,70000,2018,17000
816,Bajaj V12,45000,2017,35000
817,Hero Karizma 2014,25000,2015,40000
818,Yamaha YZF R15,170000,2019,1400
819,Yamaha Fascino 110,38000,2016,37000
820,Honda CB Unicorn,45000,2015,15000
821,Yamaha Gladiator,15000,2009,46000
822,Hero Honda Glamour,45000,2012,75000
823,Bajaj Discover 100,22000,2014,14289
824,Mahindra Gusto,30000,2015,20000
825,Royal Enfield Thunderbird,100000,2012,28000
826,Royal Enfield Classic,100000,2014,19000
827,Bajaj Pulsar 150,60000,2017,28450
828,Royal Enfield Electra,100000,2014,31500
829,Bajaj Pulsar 150,40000,2016,28000
830,Bajaj Pulsar 150,21000,2007,100000
831,Hero HF Deluxe,40000,2018,16000
832,Honda Activa [2000-2015],25000,2007,17860
833,Yamaha FZ S,45000,2015,24000
834,Bajaj Avenger Cruise,75000,2016,10950
835,Honda Dio,45000,2017,35850
836,Honda Activa i,35000,2016,29000
837,Royal Enfield Bullet,60000,2001,4000
838,Yamaha FZ V,60000,2016,45420
839,Royal Enfield Classic,130000,2018,35000
840,Honda CB Shine,42000,2017,19800
841,Bajaj V15,76000,2018,23000
842,Hero CBZ,40000,2014,35000
843,Hero Splendor Plus,65000,2018,7500
844,Bajaj Discover 100,20000,2013,20000
845,Honda CB Hornet,75000,2016,72000
846,Honda CB Hornet,70000,2018,7000
847,TVS Apache RTR,105000,2019,6000
848,Honda CB Shine,50000,2017,34300
849,Royal Enfield Classic,120000,2017,7199
850,Bajaj Pulsar 180,25000,2011,43000
851,TVS XL 100,30000,2017,8000
852,Hero Super Splendor,50000,2017,9999
853,Hero Honda CBZ,25000,2007,80000
854,Bajaj Pulsar 180,50000,2014,30000
855,Bajaj Discover 150,35000,2015,12000
856,Bajaj Pulsar 180,30000,2009,17500
857,Honda Shine,37000,2016,45000
858,Honda CB Unicorn,42000,2013,38000
859,Royal Enfield Himalayan,119000,2016,19800
860,Kawasaki Ninja 650,300000,2011,12000
861,Royal Enfield Classic,130000,1993,10000
862,Hero Honda Passion,22000,2008,85000
863,Hero Honda Splendor,15000,2007,70000
864,Benelli TNT 25,160000,2017,2009
865,Royal Enfield Thunderbird,185000,2018,1500
866,Royal Enfield Continental,110000,2014,12077
867,KTM RC 200,150000,2017,20000
868,Royal Enfield Bullet,150000,1995,20000
869,Bajaj Pulsar 220F,45000,2011,40000
870,Bajaj Avenger Street,75000,2018,12000
871,Honda Activa 125,50000,2017,27000
872,Honda Shine,30000,2013,93000
873,Bajaj Discover 150F,30000,2015,12000
874,Bajaj Pulsar 150,22000,2011,36000
875,Hero Karizma ZMR,75000,2015,11000
876,Honda Dream Yuga,45000,2017,26000
877,Hero Glamour 125,35000,2014,450000
878,Honda Activa [2000-2015],35000,2012,29000
879,Bajaj CT 100,25000,2017,45000
880,Honda CB Hornet,70000,2017,13000
881,Hero CD Dawn,10000,2005,48000
882,Royal Enfield Classic,180000,2018,5814
883,Bajaj Discover 100,24000,2014,31000
884,Honda Shine,42000,2017,25000
885,TVS Max DLX,26000,2002,28000
886,Honda Dio,60000,2018,11000
887,Bajaj Pulsar 180,72000,2017,7850
888,Royal Enfield Thunderbird,120000,2015,10000
889,Royal Enfield Thunderbird,59000,2005,40000
890,Royal Enfield Classic,185000,2015,5000
891,Royal Enfield Classic,140000,2018,14000
892,KTM 390 Duke,205000,2018,7500
893,Hero Pleasure [2005-2015],30000,2013,25000
894,TVS Victor,18000,2004,46700
895,Bajaj Pulsar 150,35000,2011,12000
896,KTM RC 200,185000,2019,6000
897,Kawasaki Ninja 300,300000,2016,9800
898,Honda Dream Yuga,30000,2015,46070
899,Bajaj Pulsar 150,35000,2009,14500
900,Bajaj Pulsar 150,35000,2008,70000
901,Hero Honda Passion,25000,2008,100000
902,Yamaha YZF R15,80000,2013,30000
903,Hero Honda Splendor,20000,2004,127000
904,Hero Karizma ZMR,43000,2012,63000
905,Hero Honda Splendor,20000,2010,30000
906,Yo Style,20000,2011,10000
907,Hero Splendor iSmart,40000,2015,10000
908,Hero Super Splendor,30000,2011,89000
909,Bajaj Discover 100,21000,2009,50000
910,Yamaha Fazer [2009-2016],35000,2011,15500
911,Bajaj Discover 125,23000,2011,66000
912,Hero Super Splendor,40000,2017,80000
913,Honda Shine,40000,2011,8600
914,Bajaj Discover 125,45000,2014,40000
915,Bajaj Avenger Street,60000,2016,25000
916,Yamaha Fazer [2009-2016],40000,2013,34500
917,Hero Passion X,42000,2016,15500
918,Honda Activa [2000-2015],18000,2011,28000
919,TVS Star City,15000,2006,40000
920,Hero Honda Hunk,45000,2013,40000
921,TVS Star City,25000,2016,50000
922,Bajaj Pulsar 150,70000,2017,24000
923,Bajaj Discover 100,23000,2012,50000
924,TVS Victor,10000,2005,55000
925,Hero Honda Splendor,25000,2012,70000
926,Honda Aviator,25000,2012,12000
927,Bajaj Pulsar 180,50000,2010,70000
928,Bajaj Avenger [2015],60000,2015,16000
929,Hero CD Dawn,35000,2014,38000
930,Hero Maestro,50000,2016,100000
931,Honda CB Shine,50000,2016,45000
932,Hero Honda CD,25500,2012,28990
933,Hero Honda Hunk,35000,2010,13000
934,Hero Honda CD,20000,2005,15000
935,Honda Activa 3G,40000,2016,60000
936,Bajaj Pulsar 135,45000,2017,22000
937,Bajaj Pulsar 150,30000,2008,19500
938,Hero Pleasure,30000,2013,25000
939,Hero Honda CBZ,30000,2011,70000
940,Bajaj Pulsar 150,40000,2014,65000
941,Honda CB Twister,25000,2012,86000
942,Honda Livo,45000,2017,30000
943,Bajaj Pulsar AS200,65000,2015,33000
944,Honda Activa 3G,40000,2015,36000
945,Hero Honda Hunk,40000,2010,41000
946,Honda CB Hornet,70000,2017,28000
947,Hero HF Deluxe,35000,2018,15000
948,Hero Splendor PRO,35000,2015,35280
949,Bajaj Boxer,15000,2004,18000
950,Royal Enfield Electra,99000,2012,28000
951,Royal Enfield Electra,90000,2012,40000
952,Hero Honda Hunk,20000,2010,17000
953,Hero Ignitor,36000,2016,23000
954,Bajaj Discover 100,32000,2014,30000
955,Honda Activa 3G,50000,2016,6000
956,Bajaj Pulsar 135,50000,2015,48000
957,Bajaj Pulsar 220,60000,2014,16000
958,Hero Honda CBZ,40000,2009,50000
959,Hero Honda CBZ,35000,2012,60000
960,Royal Enfield Thunder,175000,2018,3000
961,UM Renegade Mojave,170000,2019,1400
962,KTM RC200,165000,2019,4000
963,Bajaj Dominar 400,145000,2019,1200
964,Royal Enfield Classic,135000,2019,4100
965,KTM RC390,135000,2017,21700
966,Hyosung GT250R,135000,2016,16500
967,Royal Enfield Thunder,125000,2015,15000
968,Royal Enfield Thunder,120000,2018,18000
969,Royal Enfield Classic,120000,2019,11000
970,KTM RC200,120000,2018,6000
971,Royal Enfield Thunder,115000,2018,8700
972,KTM 390 Duke,115000,2016,7000
973,Mahindra Mojo XT300,115000,2018,35000
974,Royal Enfield Classic,115000,2017,17000
975,Royal Enfield Classic,111000,2017,17500
976,Royal Enfield Classic,110000,2015,33000
977,Royal Enfield Thunder,110000,2017,14000
978,Royal Enfield Classic,110000,2017,26000
979,Royal Enfield Thunder,105000,2015,5400
980,Bajaj Pulsar RS200,105000,2018,5700
981,Royal Enfield Thunder,105000,2013,6900
982,Royal Enfield Bullet,105000,2018,6000
983,Royal Enfield Classic,100000,2015,46500
984,Royal Enfield Classic,95000,2014,11500
985,Royal Enfield Classic,90000,2011,40000
986,Bajaj Avenger 220,90000,2019,1300
987,Bajaj Avenger 150,75000,2018,7000
988,Honda CB Hornet,80000,2019,3000
989,Yamaha FZ S,78000,2019,5000
990,Honda CB Hornet,75000,2019,11000
991,Yamaha FZ 16,75000,2017,18000
992,Bajaj Avenger 220,75000,2019,3500
993,Bajaj Avenger 220,72000,2018,500
994,TVS Apache RTR,65000,2019,11800
995,Bajaj Pulsar 150,65000,2017,5000
996,Honda CBR 150,65000,2016,23500
997,Hero Extreme,65000,2015,16000
998,Honda CB Hornet,60000,2018,15000
999,Bajaj Avenger 220,60000,2017,16600
1000,Honda CBR 150,60000,2015,32000
1001,Bajaj Avenger 150,60000,2018,20000
1002,Yamaha FZ ,60000,2017,29000
1003,Yamaha FZ ,60000,2018,25000
1004,Bajaj Pulsar ,60000,2016,25000
1005,TVS Apache RTR,60000,2014,19000
1006,Hero Extreme,55000,2016,15000
1007,Yamaha FZ S,55000,2017,58000
1008,Bajaj Pulsar 220,52000,2012,45000
1009,Bajaj Pulsar 220,51000,2018,24000
1010,TVS Apache RTR,50000,2013,6000
1011,Hero Passion X,50000,2018,31000
1012,Bajaj Pulsar NS,50000,2014,13000
1013,Bajaj Pulsar NS,50000,2015,45000
1014,Yamaha Fazer ,50000,2016,8000
1015,Honda Activa 4G,48000,2019,4300
1016,TVS Sport ,48000,2019,15000
1017,Yamaha FZ S,48000,2017,23000
1018,Honda Dream Yuga,48000,2019,8600
1019,Honda Activa 4G,45000,2019,4000
1020,Bajaj Avenger Street,45000,2013,24000
1021,TVS Apache RTR,45000,2016,23000
1022,Bajaj Pulsar NS,45000,2014,14500
1023,Bajaj Avenger 220,45000,2012,27000
1024,Hero Splender iSmart,45000,2018,14000
1025,Activa 3g,45000,2018,500
1026,Hero Passion Pro,45000,2018,1000
1027,TVS Apache RTR,42000,2016,42000
1028,Honda CB Trigger,42000,2015,12000
1029,Hero Splender iSmart,40000,2017,14000
1030,Yamaha FZ S,40000,2014,5500
1031,Hero Passion Pro,40000,2017,6700
1032,Bajaj Pulsar 135,40000,2016,13700
1033,Activa 4g,40000,2019,1300
1034,Honda CB Unicorn,38000,2017,38600
1035,Hero Honda CBZ,38000,2013,75000
1036,Honda Karizma,35000,2013,30000
1037,Honda Activa 125,35000,2018,24000
1038,TVS Jupyter,35000,2016,19000
1039,Honda Karizma,31000,2012,213000
1040,Hero Honda Passion,30000,2014,60000
1041,Hero Splender Plus,30000,2018,50000
1042,Honda CB Shine,30000,2015,30000
1043,Bajaj Discover 100,27000,2015,21000
1044,Bajaj Pulsar 150,25000,2010,26000
1045,Suzuki Access 125,25000,2010,1900
1046,TVS Wego,25000,2012,22000
1047,Honda CB twister,25000,2015,32000
1048,Hero Glamour,25000,2015,18000
1049,Hero Super Splendor,20000,2007,55000
1050,Bajaj Pulsar 150,20000,2010,60000
1051,Bajaj Discover 125,20000,2014,25000
1052,Hero Hunk,20000,2009,49000
1053,Hero  Ignitor,20000,2015,24000
1054,Hero  CBZ,20000,2010,50000
1055,Bajaj  ct,18000,2017,35000
1056,Activa 3g,17000,2010,500000
1057,Honda CB twister,16000,2012,33000
1058,Bajaj Discover 125,15000,2013,35000
1059,Honda CB Shine,12000,2009,53000
1060,Bajaj Pulsar 150,10000,2008,92233
